{
  "strategy_name": "Anomaly_highlow",
  "params": {
    "roi": {
      "0": 0.006
    },
    "stoploss": {
      "stoploss": -0.05
    },
    "trailing": {
      "trailing_stop": false,
      "trailing_stop_positive": 0.177,
      "trailing_stop_positive_offset": 0.214,
      "trailing_only_offset_is_reached": false
    },
    "max_open_trades": {
      "max_open_trades": 10
    },
    "buy": {},
    "sell": {
      "cexit_endtrend_respect_roi": false,
      "cexit_pullback": false,
      "cexit_pullback_amount": 0.013,
      "cexit_pullback_respect_roi": false,
      "cexit_roi_end": 0.003,
      "cexit_roi_start": 0.029,
      "cexit_roi_time": 809,
      "cexit_roi_type": "static",
      "cexit_trend_type": "any",
      "cstop_bail_how": "none",
      "cstop_bail_roc": -3.065,
      "cstop_bail_time": 1416,
      "cstop_bail_time_trend": true,
      "cstop_loss_threshold": -0.026,
      "cstop_max_stoploss": -0.223
    },
    "protection": {}
  },
  "ft_stratparam_v": 1,
  "export_time": "2023-05-08 23:01:41.322922+00:00"
}