{
  "strategy_name": "Anomaly",
  "params": {
    "roi": {
      "0": 0.035
    },
    "stoploss": {
      "stoploss": -0.05
    },
    "trailing": {
      "trailing_stop": false,
      "trailing_stop_positive": 0.0,
      "trailing_stop_positive_offset": 0.0,
      "trailing_only_offset_is_reached": false
    },
    "buy": {},
    "sell": {
      "cexit_endtrend_respect_roi": true,
      "cexit_pullback": false,
      "cexit_pullback_amount": 0.019,
      "cexit_pullback_respect_roi": true,
      "cexit_roi_end": 0.0,
      "cexit_roi_start": 0.018,
      "cexit_roi_time": 862,
      "cexit_roi_type": "step",
      "cexit_trend_type": "none",
      "cstop_bail_how": "roc",
      "cstop_bail_roc": -4.379,
      "cstop_bail_time": 316,
      "cstop_bail_time_trend": false,
      "cstop_loss_threshold": -0.033,
      "cstop_max_stoploss": -0.151
    },
    "protection": {}
  },
  "ft_stratparam_v": 1,
  "export_time": "2023-01-13 22:55:44.908111+00:00"
}