{
  "strategy_name": "Anomaly_pv",
  "params": {
    "roi": {
      "0": 0.006
    },
    "stoploss": {
      "stoploss": -0.05
    },
    "trailing": {
      "trailing_stop": false,
      "trailing_stop_positive": 0.177,
      "trailing_stop_positive_offset": 0.214,
      "trailing_only_offset_is_reached": false
    },
    "max_open_trades": {
      "max_open_trades": 10
    },
    "buy": {},
    "sell": {
      "cexit_endtrend_respect_roi": true,
      "cexit_pullback": false,
      "cexit_pullback_amount": 0.01,
      "cexit_pullback_respect_roi": false,
      "cexit_roi_end": 0.005,
      "cexit_roi_start": 0.047,
      "cexit_roi_time": 1387,
      "cexit_roi_type": "decay",
      "cexit_trend_type": "ssl",
      "cstop_bail_how": "roc",
      "cstop_bail_roc": -1.316,
      "cstop_bail_time": 941,
      "cstop_bail_time_trend": false,
      "cstop_loss_threshold": -0.049,
      "cstop_max_stoploss": -0.242
    },
    "protection": {}
  },
  "ft_stratparam_v": 1,
  "export_time": "2023-05-08 22:23:54.637273+00:00"
}