{
  "strategy_name": "Anomaly_nseq",
  "params": {
    "roi": {
      "0": 0.04
    },
    "stoploss": {
      "stoploss": -0.05
    },
    "trailing": {
      "trailing_stop": false,
      "trailing_stop_positive": 0.0,
      "trailing_stop_positive_offset": 0.0,
      "trailing_only_offset_is_reached": false
    },
    "max_open_trades": {
      "max_open_trades": 10
    },
    "buy": {
      "buy_nseq_dn": 2
    },
    "sell": {
      "cexit_endtrend_respect_roi": true,
      "cexit_pullback": false,
      "cexit_pullback_amount": 0.024,
      "cexit_pullback_respect_roi": false,
      "cexit_roi_end": 0.006,
      "cexit_roi_start": 0.037,
      "cexit_roi_time": 768,
      "cexit_roi_type": "decay",
      "cexit_trend_type": "candle",
      "cstop_bail_how": "time",
      "cstop_bail_roc": -4.799,
      "cstop_bail_time": 680,
      "cstop_bail_time_trend": false,
      "cstop_loss_threshold": -0.045,
      "cstop_max_stoploss": -0.277,
      "sell_nseq_up": 1
    },
    "protection": {}
  },
  "ft_stratparam_v": 1,
  "export_time": "2023-05-08 23:16:43.914288+00:00"
}