{
  "strategy_name": "Anomaly_dwt",
  "params": {
    "roi": {
      "0": 0.006
    },
    "stoploss": {
      "stoploss": -0.05
    },
    "trailing": {
      "trailing_stop": false,
      "trailing_stop_positive": null,
      "trailing_stop_positive_offset": 0.0,
      "trailing_only_offset_is_reached": false
    },
    "max_open_trades": {
      "max_open_trades": 10
    },
    "buy": {},
    "sell": {
      "cexit_endtrend_respect_roi": true,
      "cexit_pullback": false,
      "cexit_pullback_amount": 0.009,
      "cexit_pullback_respect_roi": true,
      "cexit_roi_end": 0.004,
      "cexit_roi_start": 0.011,
      "cexit_roi_time": 808,
      "cexit_roi_type": "step",
      "cexit_trend_type": "any",
      "cstop_bail_how": "any",
      "cstop_bail_roc": -4.466,
      "cstop_bail_time": 170,
      "cstop_bail_time_trend": true,
      "cstop_loss_threshold": -0.013,
      "cstop_max_stoploss": -0.257
    },
    "protection": {}
  },
  "ft_stratparam_v": 1,
  "export_time": "2023-05-08 22:49:40.904239+00:00"
}