{
  "strategy_name": "Anomaly_fbb",
  "params": {
    "roi": {
      "0": 0.006
    },
    "stoploss": {
      "stoploss": -0.05
    },
    "trailing": {
      "trailing_stop": false,
      "trailing_stop_positive": 0.177,
      "trailing_stop_positive_offset": 0.214,
      "trailing_only_offset_is_reached": false
    },
    "max_open_trades": {
      "max_open_trades": 10
    },
    "buy": {},
    "sell": {
      "cexit_endtrend_respect_roi": true,
      "cexit_pullback": true,
      "cexit_pullback_amount": 0.01,
      "cexit_pullback_respect_roi": true,
      "cexit_roi_end": 0.001,
      "cexit_roi_start": 0.028,
      "cexit_roi_time": 780,
      "cexit_roi_type": "step",
      "cexit_trend_type": "rmi",
      "cstop_bail_how": "any",
      "cstop_bail_roc": -4.576,
      "cstop_bail_time": 96,
      "cstop_bail_time_trend": false,
      "cstop_loss_threshold": -0.047,
      "cstop_max_stoploss": -0.093
    },
    "protection": {}
  },
  "ft_stratparam_v": 1,
  "export_time": "2023-05-08 23:50:30.153918+00:00"
}