{
  "strategy_name": "Anomaly_macd",
  "params": {
    "roi": {
      "0": 0.04
    },
    "stoploss": {
      "stoploss": -0.06
    },
    "trailing": {
      "trailing_stop": false,
      "trailing_stop_positive": 0.0,
      "trailing_stop_positive_offset": 0.0,
      "trailing_only_offset_is_reached": false
    },
    "max_open_trades": {
      "max_open_trades": 10
    },
    "buy": {},
    "sell": {
      "cexit_endtrend_respect_roi": true,
      "cexit_pullback": true,
      "cexit_pullback_amount": 0.021,
      "cexit_pullback_respect_roi": true,
      "cexit_roi_end": 0.003,
      "cexit_roi_start": 0.039,
      "cexit_roi_time": 1347,
      "cexit_roi_type": "step",
      "cexit_trend_type": "none",
      "cstop_bail_how": "any",
      "cstop_bail_roc": -2.378,
      "cstop_bail_time": 1199,
      "cstop_bail_time_trend": true,
      "cstop_loss_threshold": -0.034,
      "cstop_max_stoploss": -0.062
    },
    "protection": {}
  },
  "ft_stratparam_v": 1,
  "export_time": "2023-05-09 00:04:02.878076+00:00"
}