{
  "max_open_trades": 10,
  "stake_currency": "USDT",
  "dry_run_wallet": 10000,
  "stake_amount": 3000,
  "tradable_balance_ratio": 0.99,
  "fiat_display_currency": "USD",
  "timeframe": "5m",
  "dry_run": true,
  "cancel_open_orders_on_exit": false,
  "trading_mode": "futures",
  "margin_mode": "isolated",
  "unfilledtimeout": {
    "entry": 10,
    "exit": 10,
    "exit_timeout_count": 0,
    "unit": "minutes"
  },
  "entry_pricing": {
    "price_side": "same",
    "use_order_book": true,
    "order_book_top": 1,
    "price_last_balance": 0.0,
    "check_depth_of_market": {
      "enabled": false,
      "bids_to_ask_delta": 1
    }
  },
  "exit_pricing": {
    "price_side": "same",
    "use_order_book": true,
    "order_book_top": 1
  },
  "order_types": {
    "entry": "limit",
    "exit": "limit",
    "emergency_exit": "market",
    "force_exit": "market",
    "force_entry": "market",
    "stoploss": "market",
    "stoploss_on_exchange": false,
    "stoploss_on_exchange_interval": 60,
    "stoploss_on_exchange_limit_ratio": 0.99
  },
  "exchange": {
    "name": "binanceus",
    "key": "",
    "secret": "",
    "ccxt_config": {
      "enableRateLimit": true
    },
    "ccxt_async_config": {
      "enableRateLimit": true,
      "rateLimit": 200
    },
    "pair_whitelist": [
      //            ".*/USDT"
      "RUNE/USDT",
      "AVAX/USDT",
      "DOGE/USDT",
      "SOL/USDT",
      "PEOPLE/USDT",
      "XRP/USDT",
      "TRX/USDT",
      "MTL/USDT",
      "ADA/USDT",
      "LINK/USDT",
      "ENS/USDT",
      "FTM/USDT",
      "LUNA/USDT",
      "VET/USDT",
      "EOS/USDT",
      "CRV/USDT",
      "ATOM/USDT",
      "FIL/USDT",
      "AAVE/USDT",
      "KNC/USDT",
      "ALGO/USDT",
      "ETC/USDT",
      "MATIC/USDT",
      "WAVES/USDT",
      "ZIL/USDT",
      "SAND/USDT",
      "LTC/USDT",
      "AXS/USDT",
      "DOT/USDT",
      "NEAR/USDT"
    ],
    "pair_blacklist": [
      ".*(BNB)/.*",
      ".*(BTC|ETH)/.*",
      ".*(_PREMIUM|BEAR|BULL|DOWN|HALF|HEDGE|UP|[1235][SL])/.*",
      ".*(AUD|BRZ|CAD|CHF|EUR|GBP|HKD|IDRT|JPY|NGN|RUB|SGD|TRY|UAH|USD|ZAR)/.*",
      ".*(BUSD|CUSDT|DAI|PAX|PAXG|SUSD|TUSD|USDC|USDT|VAI)/.*",
      ".*(ACM|AFA|ALA|ALL|APL|ASR|ATM|BAR|CAI|CITY|FOR|GAL|GOZ|IBFK|JUV|LEG|LOCK-1|NAVI|NMR|NOV|OG|PFL|PSG|ROUSH|STV|TH|TRA|UCH|UFC|YBO)/.*",
      ".*(CHZ|CTXC|HBAR|NMR|SHIB|SLP|XVS|ONG|ARDR)/.*"
    ]
  },
  "pairlists": [
    {
      "method": "StaticPairList"
//    },
//    //    {
//    //      "method": "VolumePairList",
//    //      "number_assets": 80,
//    //      "sort_key": "quoteVolume",
//    //      "refresh_period": 1800
//    //    },
//    {
//      "method": "AgeFilter",
//      "min_days_listed": 14
//    },
//    {
//      "method": "SpreadFilter",
//      "max_spread_ratio": 0.005
//    },
//    {
//      "method": "PriceFilter",
//      "min_price": 0.0001,
//      "low_price_ratio": 0.002
//    },
//    {
//      "method": "RangeStabilityFilter",
//      "lookback_days": 3,
//      "min_rate_of_change": 0.05,
//      "refresh_period": 1800
//    },
//    {
//      "method": "VolatilityFilter",
//      "lookback_days": 3,
//      "min_volatility": 0.02,
//      "max_volatility": 0.75,
//      "refresh_period": 43200
//    },
//    {
//      "method": "VolumePairList",
//      "number_assets": 30,
//      "sort_key": "quoteVolume",
//      "refresh_period": 1800
//    },
//    {
//      "method": "ShuffleFilter"
    }
  ],
  "edge": {
    "enabled": false,
    "process_throttle_secs": 3600,
    "calculate_since_number_of_days": 7,
    "allowed_risk": 0.01,
    "stoploss_range_min": -0.01,
    "stoploss_range_max": -0.3,
    "stoploss_range_step": -0.01,
    "minimum_winrate": 0.60,
    "minimum_expectancy": 0.20,
    "min_trade_number": 10,
    "max_trade_duration_minute": 1440,
    "remove_pumps": false
  },
  "telegram": {
    "enabled": false,
    "token": "",
    "chat_id": ""
  },
  "api_server": {
    "enabled": true,
    "listen_ip_address": "127.0.0.1",
    "listen_port": 8080,
    "verbosity": "error",
    "enable_openapi": false,
    "jwt_secret_key": "",
    "CORS_origins": [],
    "username": "",
    "password": ""
  },
  "bot_name": "freqtrade",
  "initial_state": "running",
  "force_enter_enable": false,
  "internals": {
    "process_throttle_secs": 5
  }
}
