{
  "max_open_trades": 10,
  "stake_currency": "USDT",
  "dry_run_wallet": 10000,
  "stake_amount": 900,
  "tradable_balance_ratio": 0.99,
  "fiat_display_currency": "USD",
  "timeframe": "5m",
  "dry_run": true,
  "cancel_open_orders_on_exit": false,
  "unfilledtimeout": {
    "entry": 10,
    "exit": 10,
    "exit_timeout_count": 0,
    "unit": "minutes"
  },
  "entry_pricing": {
    "price_side": "same",
    "use_order_book": true,
    "order_book_top": 1,
    "price_last_balance": 0.0,
    "check_depth_of_market": {
      "enabled": false,
      "bids_to_ask_delta": 1
    }
  },
  "exit_pricing": {
    "price_side": "same",
    "use_order_book": true,
    "order_book_top": 1
  },
  "order_types": {
    "entry": "limit",
    "exit": "limit",
    "emergency_exit": "market",
    "force_exit": "market",
    "force_entry": "market",
    "stoploss": "market",
    "stoploss_on_exchange": false,
    "stoploss_price_type": "last",
    "stoploss_on_exchange_interval": 60,
    "stoploss_on_exchange_limit_ratio": 0.99
  },
  "exchange": {
    "name": "binanceus",
    "key": "",
    "secret": "",
    "ccxt_config": {},
    "ccxt_async_config": {
    },
    "pair_whitelist": [
      "SOL/USDT",
      "MATIC/USDT",
      "ADA/USDT",
      "DOGE/USDT",
      "LTC/USDT",
      "LINK/USDT",
      "ONE/USDT",
      "ATOM/USDT",
      "GRT/USDT",
      "FET/USDT",
      "ACH/USDT",
      "DOT/USDT",
      "ALGO/USDT"
    ],
    "pair_blacklist": [
    ]
  },
  "pairlists": [
    {
      "method": "StaticPairList"
    }
  ],
  "edge": {
    "enabled": false,
    "process_throttle_secs": 3600,
    "calculate_since_number_of_days": 7,
    "allowed_risk": 0.01,
    "stoploss_range_min": -0.01,
    "stoploss_range_max": -0.3,
    "stoploss_range_step": -0.01,
    "minimum_winrate": 0.60,
    "minimum_expectancy": 0.20,
    "min_trade_number": 10,
    "max_trade_duration_minute": 1440,
    "remove_pumps": false
  },
  "telegram": {
    "enabled": false,
    "token": "",
    "chat_id": ""
  },
  "api_server": {
    "enabled": true,
    "listen_ip_address": "127.0.0.1",
    "listen_port": 8080,
    "verbosity": "error",
    "enable_openapi": false,
    "jwt_secret_key": "",
    "CORS_origins": [],
    "username": "",
    "password": ""
  },
  "bot_name": "freqtrade",
  "initial_state": "running",
  "force_enter_enable": false,
  "internals": {
    "process_throttle_secs": 5
  }
}
