{
  "strategy_name": "DWT_Predict2",
  "params": {
    "roi": {
      "0": 0.06
    },
    "stoploss": {
      "stoploss": -0.1
    },
    "trailing": {
      "trailing_stop": false,
      "trailing_stop_positive": null,
      "trailing_stop_positive_offset": 0.0,
      "trailing_only_offset_is_reached": false
    },
    "max_open_trades": {
      "max_open_trades": 10
    },
    "buy": {
      "entry_model_diff": 0.7
    },
    "sell": {
      "enable_guards": true,
      "enable_exit_signal": true,
      "exit_model_diff": -0.2,
      "loss_threshold": -0.008,
      "profit_threshold": 0.025,
      "tstop_ratio": 0.756,
      "tstop_start": 0.052,
      "use_loss_threshold": true,
      "use_profit_threshold": false
    },
    "protection": {}
  },
  "ft_stratparam_v": 1,
  "export_time": "2023-07-15 15:27:57.890669+00:00"
}