{
  "strategy_name": "DWT_Predict",
  "params": {
    "roi": {
      "0": 0.06
    },
    "stoploss": {
      "stoploss": -0.1
    },
    "trailing": {
      "trailing_stop": false,
      "trailing_stop_positive": null,
      "trailing_stop_positive_offset": 0.0,
      "trailing_only_offset_is_reached": false
    },
    "max_open_trades": {
      "max_open_trades": 10
    },
    "buy": {
      "entry_model_diff": 0.5
    },
    "sell": {
      "enable_guards": true,
      "enable_exit_signal": false,
      "exit_model_diff": -0.4,
      "loss_threshold": -0.046,
      "profit_threshold": 0.022,
      "tstop_ratio": 0.925,
      "tstop_start": 0.026,
      "use_loss_threshold": false,
      "use_profit_threshold": true
    },
    "protection": {}
  },
  "ft_stratparam_v": 1,
  "export_time": "2023-07-15 15:18:09.548149+00:00"
}