{
  "strategy_name": "NNPredict_CNN",
  "params": {
    "roi": {
      "0": 0.006
    },
    "stoploss": {
      "stoploss": -0.05
    },
    "trailing": {
      "trailing_stop": false,
      "trailing_stop_positive": null,
      "trailing_stop_positive_offset": 0.0,
      "trailing_only_offset_is_reached": false
    },
    "max_open_trades": {
      "max_open_trades": 10
    },
    "buy": {
      "entry_threshold": 1.0
    },
    "sell": {
      "cexit_endtrend_respect_roi": true,
      "cexit_pullback": false,
      "cexit_pullback_amount": 0.012,
      "cexit_pullback_respect_roi": true,
      "cexit_roi_end": 0.006,
      "cexit_roi_start": 0.021,
      "cexit_roi_time": 918,
      "cexit_roi_type": "static",
      "cexit_trend_type": "candle",
      "cstop_bail_how": "any",
      "cstop_bail_roc": -1.951,
      "cstop_bail_time": 1347,
      "cstop_bail_time_trend": true,
      "cstop_loss_threshold": -0.045,
      "cstop_max_stoploss": -0.03,
      "exit_threshold": -1.4
    },
    "protection": {}
  },
  "ft_stratparam_v": 1,
  "export_time": "2023-04-04 17:25:12.370734+00:00"
}