{
  "strategy_name": "NNPredict_NHiTS",
  "params": {
    "roi": {
      "0": 0.006
    },
    "stoploss": {
      "stoploss": -0.05
    },
    "trailing": {
      "trailing_stop": false,
      "trailing_stop_positive": null,
      "trailing_stop_positive_offset": 0.0,
      "trailing_only_offset_is_reached": false
    },
    "max_open_trades": {
      "max_open_trades": 10
    },
    "buy": {
      "entry_threshold": -1.7
    },
    "sell": {
      "cexit_endtrend_respect_roi": true,
      "cexit_pullback": false,
      "cexit_pullback_amount": 0.023,
      "cexit_pullback_respect_roi": true,
      "cexit_roi_end": 0.001,
      "cexit_roi_start": 0.042,
      "cexit_roi_time": 982,
      "cexit_roi_type": "step",
      "cexit_trend_type": "none",
      "cstop_bail_how": "roc",
      "cstop_bail_roc": -3.556,
      "cstop_bail_time": 419,
      "cstop_bail_time_trend": false,
      "cstop_loss_threshold": -0.04,
      "cstop_max_stoploss": -0.069,
      "exit_threshold": 0.7
    },
    "protection": {}
  },
  "ft_stratparam_v": 1,
  "export_time": "2023-01-29 17:17:07.772075+00:00"
}