{
  "strategy_name": "NNPredict_Multihead",
  "params": {
    "roi": {
      "0": 0.006
    },
    "stoploss": {
      "stoploss": -0.05
    },
    "trailing": {
      "trailing_stop": false,
      "trailing_stop_positive": null,
      "trailing_stop_positive_offset": 0.0,
      "trailing_only_offset_is_reached": false
    },
    "max_open_trades": {
      "max_open_trades": 10
    },
    "buy": {
      "entry_threshold": 2.2
    },
    "sell": {
      "cexit_endtrend_respect_roi": true,
      "cexit_pullback": true,
      "cexit_pullback_amount": 0.008,
      "cexit_pullback_respect_roi": true,
      "cexit_roi_end": 0.0,
      "cexit_roi_start": 0.046,
      "cexit_roi_time": 1215,
      "cexit_roi_type": "step",
      "cexit_trend_type": "none",
      "cstop_bail_how": "time",
      "cstop_bail_roc": -1.984,
      "cstop_bail_time": 696,
      "cstop_bail_time_trend": false,
      "cstop_loss_threshold": -0.033,
      "cstop_max_stoploss": -0.067,
      "exit_threshold": -1.2
    },
    "protection": {}
  },
  "ft_stratparam_v": 1,
  "export_time": "2023-04-04 17:48:36.216592+00:00"
}