{
  "strategy_name": "NNPredict_NBeats",
  "params": {
    "roi": {
      "0": 0.006
    },
    "stoploss": {
      "stoploss": -0.05
    },
    "trailing": {
      "trailing_stop": false,
      "trailing_stop_positive": null,
      "trailing_stop_positive_offset": 0.0,
      "trailing_only_offset_is_reached": false
    },
    "buy": {
      "entry_threshold": 1.7
    },
    "sell": {
      "cexit_endtrend_respect_roi": true,
      "cexit_pullback": false,
      "cexit_pullback_amount": 0.017,
      "cexit_pullback_respect_roi": false,
      "cexit_roi_end": 0.008,
      "cexit_roi_start": 0.014,
      "cexit_roi_time": 732,
      "cexit_roi_type": "step",
      "cexit_trend_type": "candle",
      "cstop_bail_how": "roc",
      "cstop_bail_roc": -1.414,
      "cstop_bail_time": 265,
      "cstop_bail_time_trend": false,
      "cstop_loss_threshold": -0.044,
      "cstop_max_stoploss": -0.247,
      "exit_threshold": -2.6
    },
    "protection": {}
  },
  "ft_stratparam_v": 1,
  "export_time": "2023-01-12 02:09:13.611536+00:00"
}