{
  "strategy_name": "NNPredict_MLP",
  "params": {
    "roi": {
      "0": 0.006
    },
    "stoploss": {
      "stoploss": -0.05
    },
    "trailing": {
      "trailing_stop": false,
      "trailing_stop_positive": null,
      "trailing_stop_positive_offset": 0.0,
      "trailing_only_offset_is_reached": false
    },
    "max_open_trades": {
      "max_open_trades": 10
    },
    "buy": {
      "entry_threshold": 1.1
    },
    "sell": {
      "cexit_endtrend_respect_roi": true,
      "cexit_pullback": true,
      "cexit_pullback_amount": 0.013,
      "cexit_pullback_respect_roi": true,
      "cexit_roi_end": 0.003,
      "cexit_roi_start": 0.033,
      "cexit_roi_time": 1439,
      "cexit_roi_type": "static",
      "cexit_trend_type": "candle",
      "cstop_bail_how": "time",
      "cstop_bail_roc": -1.805,
      "cstop_bail_time": 137,
      "cstop_bail_time_trend": false,
      "cstop_loss_threshold": -0.016,
      "cstop_max_stoploss": -0.195,
      "exit_threshold": -1.3
    },
    "protection": {}
  },
  "ft_stratparam_v": 1,
  "export_time": "2023-04-04 17:17:55.097613+00:00"
}