{
  "strategy_name": "NNPredict_LSTM",
  "params": {
    "roi": {
      "0": 0.006
    },
    "stoploss": {
      "stoploss": -0.05
    },
    "trailing": {
      "trailing_stop": false,
      "trailing_stop_positive": null,
      "trailing_stop_positive_offset": 0.0,
      "trailing_only_offset_is_reached": false
    },
    "buy": {
      "entry_threshold": 0.1
    },
    "sell": {
      "cexit_endtrend_respect_roi": true,
      "cexit_pullback": false,
      "cexit_pullback_amount": 0.019,
      "cexit_pullback_respect_roi": false,
      "cexit_roi_end": 0.006,
      "cexit_roi_start": 0.041,
      "cexit_roi_time": 1401,
      "cexit_roi_type": "step",
      "cexit_trend_type": "none",
      "cstop_bail_how": "any",
      "cstop_bail_roc": -2.149,
      "cstop_bail_time": 87,
      "cstop_bail_time_trend": false,
      "cstop_loss_threshold": -0.028,
      "cstop_max_stoploss": -0.146,
      "exit_threshold": -2.1
    },
    "protection": {}
  },
  "ft_stratparam_v": 1,
  "export_time": "2023-01-21 02:23:31.454421+00:00"
}