{
  "strategy_name": "NNPredict_GRU",
  "params": {
    "roi": {
      "0": 0.006
    },
    "stoploss": {
      "stoploss": -0.05
    },
    "trailing": {
      "trailing_stop": false,
      "trailing_stop_positive": null,
      "trailing_stop_positive_offset": 0.0,
      "trailing_only_offset_is_reached": false
    },
    "max_open_trades": {
      "max_open_trades": 10
    },
    "buy": {
      "entry_threshold": 1.0
    },
    "sell": {
      "cexit_endtrend_respect_roi": true,
      "cexit_pullback": true,
      "cexit_pullback_amount": 0.017,
      "cexit_pullback_respect_roi": false,
      "cexit_roi_end": 0.001,
      "cexit_roi_start": 0.047,
      "cexit_roi_time": 1313,
      "cexit_roi_type": "static",
      "cexit_trend_type": "none",
      "cstop_bail_how": "none",
      "cstop_bail_roc": -2.446,
      "cstop_bail_time": 902,
      "cstop_bail_time_trend": true,
      "cstop_loss_threshold": -0.024,
      "cstop_max_stoploss": -0.126,
      "exit_threshold": -2.1
    },
    "protection": {}
  },
  "ft_stratparam_v": 1,
  "export_time": "2023-04-06 06:59:50.886725+00:00"
}