{
  "strategy_name": "NNPredict_NLinear",
  "params": {
    "roi": {
      "0": 0.006
    },
    "stoploss": {
      "stoploss": -0.05
    },
    "trailing": {
      "trailing_stop": false,
      "trailing_stop_positive": null,
      "trailing_stop_positive_offset": 0.0,
      "trailing_only_offset_is_reached": false
    },
    "max_open_trades": {
      "max_open_trades": 10
    },
    "buy": {
      "entry_threshold": 1.0
    },
    "sell": {
      "cexit_endtrend_respect_roi": true,
      "cexit_pullback": false,
      "cexit_pullback_amount": 0.008,
      "cexit_pullback_respect_roi": false,
      "cexit_roi_end": 0.005,
      "cexit_roi_start": 0.013,
      "cexit_roi_time": 1326,
      "cexit_roi_type": "decay",
      "cexit_trend_type": "any",
      "cstop_bail_how": "none",
      "cstop_bail_roc": -2.106,
      "cstop_bail_time": 1015,
      "cstop_bail_time_trend": true,
      "cstop_loss_threshold": -0.016,
      "cstop_max_stoploss": -0.227,
      "exit_threshold": -3.0
    },
    "protection": {}
  },
  "ft_stratparam_v": 1,
  "export_time": "2023-01-25 22:05:01.766924+00:00"
}