{
  "strategy_name": "NNTC_adx3_LSTM",
  "params": {
    "roi": {
      "0": 0.006
    },
    "stoploss": {
      "stoploss": -0.1
    },
    "trailing": {
      "trailing_stop": false,
      "trailing_stop_positive": null,
      "trailing_stop_positive_offset": 0.0,
      "trailing_only_offset_is_reached": false
    },
    "max_open_trades": {
      "max_open_trades": 10
    },
    "buy": {},
    "sell": {
      "enable_exit_signal": true,
      "loss_ratio": 0.6,
      "profit_ratio": 3.6,
      "tstop_ratio": 0.709,
      "tstop_start": 0.03,
      "use_loss_ratio": false,
      "use_profit_ratio": false
    },
    "protection": {}
  },
  "ft_stratparam_v": 1,
  "export_time": "2023-06-22 18:53:48.449936+00:00"
}