{
  "strategy_name": "NNTC_profit_Attention",
  "params": {
    "roi": {
      "0": 0.006
    },
    "stoploss": {
      "stoploss": -0.1
    },
    "trailing": {
      "trailing_stop": false,
      "trailing_stop_positive": null,
      "trailing_stop_positive_offset": 0.0,
      "trailing_only_offset_is_reached": false
    },
    "max_open_trades": {
      "max_open_trades": 10
    },
    "buy": {},
    "sell": {
      "enable_exit_signal": true,
      "loss_ratio": 1.3,
      "profit_ratio": 2.1,
      "tstop_ratio": 0.743,
      "tstop_start": 0.053,
      "use_loss_ratio": true,
      "use_profit_ratio": true
    },
    "protection": {}
  },
  "ft_stratparam_v": 1,
  "export_time": "2023-06-23 05:05:36.065435+00:00"
}