{
  "strategy_name": "NNTC_all_LSTM",
  "params": {
    "roi": {
      "0": 0.02
    },
    "stoploss": {
      "stoploss": -0.1
    },
    "trailing": {
      "trailing_stop": false,
      "trailing_stop_positive": null,
      "trailing_stop_positive_offset": 0.0,
      "trailing_only_offset_is_reached": false
    },
    "max_open_trades": {
      "max_open_trades": 10
    },
    "buy": {},
    "sell": {
      "enable_exit_signal": true,
      "loss_threshold": -0.049,
      "profit_threshold": 0.025,
      "tstop_ratio": 0.964,
      "tstop_start": 0.02,
      "use_loss_ratio": true,
      "use_profit_ratio": true
    },
    "protection": {}
  },
  "ft_stratparam_v": 1,
  "export_time": "2023-06-22 19:07:51.164805+00:00"
}