{
  "strategy_name": "PCA",
  "params": {
    "roi": {
      "0": 0.006
    },
    "stoploss": {
      "stoploss": -0.05
    },
    "trailing": {
      "trailing_stop": false,
      "trailing_stop_positive": null,
      "trailing_stop_positive_offset": 0.0,
      "trailing_only_offset_is_reached": false
    },
    "buy": {},
    "sell": {
      "cexit_endtrend_respect_roi": true,
      "cexit_pullback": true,
      "cexit_pullback_amount": 0.019,
      "cexit_pullback_respect_roi": true,
      "cexit_roi_end": 0.001,
      "cexit_roi_start": 0.033,
      "cexit_roi_time": 1356,
      "cexit_roi_type": "step",
      "cexit_trend_type": "none",
      "cstop_bail_how": "any",
      "cstop_bail_roc": -2.789,
      "cstop_bail_time": 1071,
      "cstop_bail_time_trend": false,
      "cstop_loss_threshold": -0.023,
      "cstop_max_stoploss": -0.209
    },
    "protection": {}
  },
  "ft_stratparam_v": 1,
  "export_time": "2022-11-17 17:49:20.076136+00:00"
}