{
  "strategy_name": "PCA_nseq",
  "params": {
    "roi": {
      "0": 0.006
    },
    "stoploss": {
      "stoploss": -0.05
    },
    "trailing": {
      "trailing_stop": false,
      "trailing_stop_positive": 0.267,
      "trailing_stop_positive_offset": 0.359,
      "trailing_only_offset_is_reached": false
    },
    "max_open_trades": {
      "max_open_trades": 10
    },
    "buy": {
      "buy_nseq_dn": 4
    },
    "sell": {
      "cexit_endtrend_respect_roi": true,
      "cexit_pullback": false,
      "cexit_pullback_amount": 0.019,
      "cexit_pullback_respect_roi": true,
      "cexit_roi_end": 0.008,
      "cexit_roi_start": 0.042,
      "cexit_roi_time": 1292,
      "cexit_roi_type": "static",
      "cexit_trend_type": "candle",
      "cstop_bail_how": "time",
      "cstop_bail_roc": -4.329,
      "cstop_bail_time": 135,
      "cstop_bail_time_trend": true,
      "cstop_loss_threshold": -0.038,
      "cstop_max_stoploss": -0.169,
      "sell_nseq_up": 9
    },
    "protection": {}
  },
  "ft_stratparam_v": 1,
  "export_time": "2023-05-09 02:13:59.250446+00:00"
}