{
  "strategy_name": "PCA_highlow",
  "params": {
    "roi": {
      "0": 0.006
    },
    "stoploss": {
      "stoploss": -0.05
    },
    "trailing": {
      "trailing_stop": false,
      "trailing_stop_positive": 0.347,
      "trailing_stop_positive_offset": 0.349,
      "trailing_only_offset_is_reached": false
    },
    "max_open_trades": {
      "max_open_trades": 10
    },
    "buy": {},
    "sell": {
      "cexit_endtrend_respect_roi": true,
      "cexit_pullback": false,
      "cexit_pullback_amount": 0.022,
      "cexit_pullback_respect_roi": false,
      "cexit_roi_end": 0.001,
      "cexit_roi_start": 0.01,
      "cexit_roi_time": 949,
      "cexit_roi_type": "step",
      "cexit_trend_type": "candle",
      "cstop_bail_how": "none",
      "cstop_bail_roc": -2.8,
      "cstop_bail_time": 396,
      "cstop_bail_time_trend": false,
      "cstop_loss_threshold": -0.033,
      "cstop_max_stoploss": -0.167
    },
    "protection": {}
  },
  "ft_stratparam_v": 1,
  "export_time": "2023-05-09 01:28:15.590572+00:00"
}