{
  "strategy_name": "PCA_profit",
  "params": {
    "roi": {
      "0": 0.006
    },
    "stoploss": {
      "stoploss": -0.05
    },
    "trailing": {
      "trailing_stop": false,
      "trailing_stop_positive": 0.177,
      "trailing_stop_positive_offset": 0.214,
      "trailing_only_offset_is_reached": false
    },
    "max_open_trades": {
      "max_open_trades": 10
    },
    "buy": {},
    "sell": {
      "cexit_endtrend_respect_roi": true,
      "cexit_pullback": false,
      "cexit_pullback_amount": 0.03,
      "cexit_pullback_respect_roi": true,
      "cexit_roi_end": 0.01,
      "cexit_roi_start": 0.043,
      "cexit_roi_time": 774,
      "cexit_roi_type": "step",
      "cexit_trend_type": "any",
      "cstop_bail_how": "none",
      "cstop_bail_roc": -2.923,
      "cstop_bail_time": 1272,
      "cstop_bail_time_trend": true,
      "cstop_loss_threshold": -0.014,
      "cstop_max_stoploss": -0.106
    },
    "protection": {}
  },
  "ft_stratparam_v": 1,
  "export_time": "2023-05-09 02:59:06.862530+00:00"
}