{
  "strategy_name": "PCA_macd",
  "params": {
    "roi": {
      "0": 0.006
    },
    "stoploss": {
      "stoploss": -0.05
    },
    "trailing": {
      "trailing_stop": false,
      "trailing_stop_positive": null,
      "trailing_stop_positive_offset": 0.0,
      "trailing_only_offset_is_reached": false
    },
    "max_open_trades": {
      "max_open_trades": 10
    },
    "buy": {},
    "sell": {
      "cexit_endtrend_respect_roi": true,
      "cexit_pullback": false,
      "cexit_pullback_amount": 0.02,
      "cexit_pullback_respect_roi": true,
      "cexit_roi_end": 0.0,
      "cexit_roi_start": 0.042,
      "cexit_roi_time": 872,
      "cexit_roi_type": "static",
      "cexit_trend_type": "candle",
      "cstop_bail_how": "none",
      "cstop_bail_roc": -1.563,
      "cstop_bail_time": 1184,
      "cstop_bail_time_trend": true,
      "cstop_loss_threshold": -0.011,
      "cstop_max_stoploss": -0.142
    },
    "protection": {}
  },
  "ft_stratparam_v": 1,
  "export_time": "2023-05-09 00:51:10.050077+00:00"
}