{
  "strategy_name": "PCA_swing",
  "params": {
    "roi": {
      "0": 0.006
    },
    "stoploss": {
      "stoploss": -0.05
    },
    "trailing": {
      "trailing_stop": false,
      "trailing_stop_positive": 0.025,
      "trailing_stop_positive_offset": 0.124,
      "trailing_only_offset_is_reached": false
    },
    "max_open_trades": {
      "max_open_trades": 10
    },
    "buy": {},
    "sell": {
      "cexit_endtrend_respect_roi": true,
      "cexit_pullback": false,
      "cexit_pullback_amount": 0.029,
      "cexit_pullback_respect_roi": true,
      "cexit_roi_end": 0.009,
      "cexit_roi_start": 0.032,
      "cexit_roi_time": 927,
      "cexit_roi_type": "static",
      "cexit_trend_type": "rmi",
      "cstop_bail_how": "none",
      "cstop_bail_roc": -1.012,
      "cstop_bail_time": 912,
      "cstop_bail_time_trend": true,
      "cstop_loss_threshold": -0.048,
      "cstop_max_stoploss": -0.068
    },
    "protection": {}
  },
  "ft_stratparam_v": 1,
  "export_time": "2023-05-09 02:25:43.525614+00:00"
}