{
  "strategy_name": "PCA_jump",
  "params": {
    "roi": {
      "0": 0.006
    },
    "stoploss": {
      "stoploss": -0.05
    },
    "trailing": {
      "trailing_stop": false,
      "trailing_stop_positive": 0.258,
      "trailing_stop_positive_offset": 0.298,
      "trailing_only_offset_is_reached": false
    },
    "max_open_trades": {
      "max_open_trades": 10
    },
    "buy": {},
    "sell": {
      "cexit_endtrend_respect_roi": true,
      "cexit_pullback": false,
      "cexit_pullback_amount": 0.01,
      "cexit_pullback_respect_roi": true,
      "cexit_roi_end": 0.003,
      "cexit_roi_start": 0.01,
      "cexit_roi_time": 1131,
      "cexit_roi_type": "decay",
      "cexit_trend_type": "any",
      "cstop_bail_how": "none",
      "cstop_bail_roc": -3.068,
      "cstop_bail_time": 160,
      "cstop_bail_time_trend": true,
      "cstop_loss_threshold": -0.029,
      "cstop_max_stoploss": -0.173
    },
    "protection": {}
  },
  "ft_stratparam_v": 1,
  "export_time": "2023-05-09 00:39:29.590542+00:00"
}