{
  "strategy_name": "PCA_stochastic",
  "params": {
    "roi": {
      "0": 0.006
    },
    "stoploss": {
      "stoploss": -0.05
    },
    "trailing": {
      "trailing_stop": false,
      "trailing_stop_positive": null,
      "trailing_stop_positive_offset": 0.0,
      "trailing_only_offset_is_reached": false
    },
    "max_open_trades": {
      "max_open_trades": 10
    },
    "buy": {},
    "sell": {
      "cexit_endtrend_respect_roi": true,
      "cexit_pullback": false,
      "cexit_pullback_amount": 0.014,
      "cexit_pullback_respect_roi": true,
      "cexit_roi_end": 0.008,
      "cexit_roi_start": 0.02,
      "cexit_roi_time": 922,
      "cexit_roi_type": "decay",
      "cexit_trend_type": "any",
      "cstop_bail_how": "any",
      "cstop_bail_roc": -3.27,
      "cstop_bail_time": 1386,
      "cstop_bail_time_trend": true,
      "cstop_loss_threshold": -0.013,
      "cstop_max_stoploss": -0.17
    },
    "protection": {}
  },
  "ft_stratparam_v": 1,
  "export_time": "2023-05-09 02:48:39.122755+00:00"
}