{
  "strategy_name": "PCA_dwt",
  "params": {
    "roi": {
      "0": 0.006
    },
    "stoploss": {
      "stoploss": -0.05
    },
    "trailing": {
      "trailing_stop": false,
      "trailing_stop_positive": null,
      "trailing_stop_positive_offset": 0.0,
      "trailing_only_offset_is_reached": false
    },
    "max_open_trades": {
      "max_open_trades": 10
    },
    "buy": {},
    "sell": {
      "cexit_endtrend_respect_roi": true,
      "cexit_pullback": false,
      "cexit_pullback_amount": 0.011,
      "cexit_pullback_respect_roi": false,
      "cexit_roi_end": 0.008,
      "cexit_roi_start": 0.027,
      "cexit_roi_time": 725,
      "cexit_roi_type": "static",
      "cexit_trend_type": "candle",
      "cstop_bail_how": "roc",
      "cstop_bail_roc": -1.126,
      "cstop_bail_time": 1413,
      "cstop_bail_time_trend": true,
      "cstop_loss_threshold": -0.05,
      "cstop_max_stoploss": -0.294
    },
    "protection": {}
  },
  "ft_stratparam_v": 1,
  "export_time": "2023-05-09 03:09:47.390327+00:00"
}