{
  "strategy_name": "PCA_mfi",
  "params": {
    "roi": {
      "0": 0.006
    },
    "stoploss": {
      "stoploss": -0.05
    },
    "trailing": {
      "trailing_stop": false,
      "trailing_stop_positive": null,
      "trailing_stop_positive_offset": 0.0,
      "trailing_only_offset_is_reached": false
    },
    "max_open_trades": {
      "max_open_trades": 10
    },
    "buy": {},
    "sell": {
      "cexit_endtrend_respect_roi": true,
      "cexit_pullback": false,
      "cexit_pullback_amount": 0.023,
      "cexit_pullback_respect_roi": true,
      "cexit_roi_end": 0.009,
      "cexit_roi_start": 0.019,
      "cexit_roi_time": 1217,
      "cexit_roi_type": "decay",
      "cexit_trend_type": "any",
      "cstop_bail_how": "any",
      "cstop_bail_roc": -3.065,
      "cstop_bail_time": 1396,
      "cstop_bail_time_trend": true,
      "cstop_loss_threshold": -0.014,
      "cstop_max_stoploss": -0.147
    },
    "protection": {}
  },
  "ft_stratparam_v": 1,
  "export_time": "2023-05-09 01:40:24.993993+00:00"
}