{
  "strategy_name": "PCA_fbb",
  "params": {
    "roi": {
      "0": 0.006
    },
    "stoploss": {
      "stoploss": -0.05
    },
    "trailing": {
      "trailing_stop": false,
      "trailing_stop_positive": null,
      "trailing_stop_positive_offset": 0.0,
      "trailing_only_offset_is_reached": false
    },
    "max_open_trades": {
      "max_open_trades": 10
    },
    "buy": {},
    "sell": {
      "cexit_endtrend_respect_roi": true,
      "cexit_pullback": false,
      "cexit_pullback_amount": 0.024,
      "cexit_pullback_respect_roi": true,
      "cexit_roi_end": 0.001,
      "cexit_roi_start": 0.045,
      "cexit_roi_time": 940,
      "cexit_roi_type": "static",
      "cexit_trend_type": "rmi",
      "cstop_bail_how": "time",
      "cstop_bail_roc": -1.297,
      "cstop_bail_time": 515,
      "cstop_bail_time_trend": true,
      "cstop_loss_threshold": -0.012,
      "cstop_max_stoploss": -0.176
    },
    "protection": {}
  },
  "ft_stratparam_v": 1,
  "export_time": "2023-05-09 01:15:43.423307+00:00"
}