{
  "strategy_name": "PCA_minmax",
  "params": {
    "roi": {
      "0": 0.006
    },
    "stoploss": {
      "stoploss": -0.05
    },
    "trailing": {
      "trailing_stop": false,
      "trailing_stop_positive": 0.195,
      "trailing_stop_positive_offset": 0.201,
      "trailing_only_offset_is_reached": false
    },
    "max_open_trades": {
      "max_open_trades": 10
    },
    "buy": {},
    "sell": {
      "cexit_endtrend_respect_roi": true,
      "cexit_pullback": true,
      "cexit_pullback_amount": 0.005,
      "cexit_pullback_respect_roi": true,
      "cexit_roi_end": 0.008,
      "cexit_roi_start": 0.032,
      "cexit_roi_time": 1117,
      "cexit_roi_type": "static",
      "cexit_trend_type": "any",
      "cstop_bail_how": "none",
      "cstop_bail_roc": -2.222,
      "cstop_bail_time": 243,
      "cstop_bail_time_trend": true,
      "cstop_loss_threshold": -0.013,
      "cstop_max_stoploss": -0.114
    },
    "protection": {}
  },
  "ft_stratparam_v": 1,
  "export_time": "2023-05-09 01:03:29.332876+00:00"
}