{
  "strategy_name": "PCA_over",
  "params": {
    "roi": {
      "0": 0.006
    },
    "stoploss": {
      "stoploss": -0.05
    },
    "trailing": {
      "trailing_stop": false,
      "trailing_stop_positive": null,
      "trailing_stop_positive_offset": 0.0,
      "trailing_only_offset_is_reached": false
    },
    "max_open_trades": {
      "max_open_trades": 10
    },
    "buy": {},
    "sell": {
      "cexit_endtrend_respect_roi": true,
      "cexit_pullback": false,
      "cexit_pullback_amount": 0.028,
      "cexit_pullback_respect_roi": true,
      "cexit_roi_end": 0.002,
      "cexit_roi_start": 0.035,
      "cexit_roi_time": 1008,
      "cexit_roi_type": "decay",
      "cexit_trend_type": "candle",
      "cstop_bail_how": "none",
      "cstop_bail_roc": -2.187,
      "cstop_bail_time": 1225,
      "cstop_bail_time_trend": true,
      "cstop_loss_threshold": -0.018,
      "cstop_max_stoploss": -0.157
    },
    "protection": {}
  },
  "ft_stratparam_v": 1,
  "export_time": "2023-05-09 02:03:18.136802+00:00"
}